scientific_name,local_name,habitat
Mishra et,,Freshwater
Tributaries of,,Freshwater
Bhakta and,,Freshwater
River at,,Freshwater
Ten perennial,,Freshwater
Chakraborty and,,Freshwater
Major rivers,,Freshwater
Patra and,,Freshwater
Karala river,,Freshwater
Patra et,,Freshwater
Saha and,,Freshwater
Burdwan district,,Freshwater
Bandyopadhyay and,,Freshwater
Sankosh rivers,,Freshwater
Bera et,,Freshwater
Reservoir in,,Freshwater
Kundu et,,Freshwater
Tangon and,,Freshwater
Mahapatra and,,Freshwater
Wetlands in,,Freshwater
Dey et,,Freshwater
Ghargharia river,,Freshwater
Kaljani in,,Freshwater
Dubey et,,Freshwater
Parganas district,,Freshwater
Mondal and,,Freshwater
Dams and,,Freshwater
Nath and,,Freshwater
River stretch,,Freshwater
Creek loach,,Freshwater
Ladder loach,,Freshwater
Ghor poia,,Freshwater
Grass carp,,Freshwater
Chepti puthi,,Freshwater
Common carp,,Freshwater
"Gharbanka
chela",,Freshwater
Silver carp,,Freshwater
Bighead carp,,Freshwater
Gang magur,,Freshwater
Golsha tengra,,Freshwater
Thai magur,,Freshwater
African pangus,,Freshwater
Kan magur,,Freshwater
Muri bacha,,Freshwater
Batasi tangra,,Freshwater
Kaoya tengra,,Freshwater
Kani tengra,,Freshwater
Outreach activities,,Freshwater
Training programmes,,Freshwater
Manpower development,,Freshwater
Workshops organized,,Freshwater
Participation in,,Freshwater
Infrastructure development,,Freshwater
Property and,,Freshwater
Aquaculture development,,Freshwater
Compared to,,Freshwater
Male sacrifice,,Freshwater
Choice of,,Freshwater
Live feed,,Freshwater
Cumbersome management,,Freshwater
Broodstock management,,Freshwater
Quick disposal,,Freshwater
Farmers need,,Freshwater
Fish can,,Freshwater
Smaller water,,Freshwater
Complete package,,Freshwater
Poorly developed,,Freshwater
Risk of,,Freshwater
Risk and,,Freshwater
Treat similar,,Freshwater
Higher investment,,Freshwater
Future strategy,,Freshwater
With water,,Freshwater
Cage mesh,,Freshwater
Weight of,,Freshwater
Stock characterization,,Freshwater
Carp breeding,,Freshwater
Basics of,,Freshwater
Nutrient management,,Freshwater
Management of,,Freshwater
Species diversification,,Freshwater
Total biomass,,Freshwater
Value added,,Freshwater
Fish meal,,Freshwater
Groundnut oil,,Freshwater
Rice bran,,Freshwater
Mannan oligosaccharide,,Freshwater
Proximate composition,,Freshwater
Crude protein,,Freshwater
Crude fiber,,Freshwater
Water quality,,Freshwater
Nitroblue tetrazolium,,Freshwater
Myeloperoxidase activity,,Freshwater
Lysozyme activity,,Freshwater
Pradesh into,,Freshwater
Upliftment of,,Freshwater
Comparative studies,,Freshwater
Telangana states,,Freshwater
Initial weight,,Freshwater
Approaches of,,Freshwater
Training on,,Freshwater
Hands on,,Freshwater
Breeding of,,Freshwater
Breeding and,,Freshwater
"Programme
on",,Freshwater
Production of,,Freshwater
School on,,Freshwater
Development in,,Freshwater
Training in,,Freshwater
Advances in,,Freshwater
Farming for,,Freshwater
Pisciculture and,,Freshwater
Production and,,Freshwater
Trends in,,Freshwater
Multiple breeding,,Freshwater
College of,,Freshwater
Students of,,Freshwater
Beneficiaries under,,Freshwater
Farmers under,,Freshwater
Trainees of,,Freshwater
Students from,,Freshwater
Farmers from,,Freshwater
Day at,,Freshwater
Officers of,,Freshwater
Farmers of,,Freshwater
Skill up,,Freshwater
Fish farmers,,Freshwater
Exposure visits,,Freshwater
Bhubaneswar guided,,Freshwater
Bengal guided,,Freshwater
"Odisha
guided",,Freshwater
Trainee from,,Freshwater
Staff of,,Freshwater
Odisha guided,,Freshwater
Aquacu lture,,Freshwater
Students under,,Freshwater
Purpose of,,Freshwater
Sewage fed,,Freshwater
Group visits,,Freshwater
Date of,,Freshwater
University of,,Freshwater
Fish and,,Freshwater
Faculty of,,Freshwater
Fishery officers,,Freshwater
Students and,,Freshwater
"University
of",,Freshwater
Officers and,,Freshwater
Extension activities,,Freshwater
Fish culture,,Freshwater
Tribal fishermen,,Freshwater
Macherla block,,Freshwater
"Bhadrachalam
block",,Freshwater
Ornamental fish,,Freshwater
Tribal women,,Freshwater
Sarakana village,,Freshwater
Balipatna block,,Freshwater
Puri dist,,Freshwater
Rain tree,,Freshwater
Talk on,,Freshwater
Fish feed,,Freshwater
"Institutional
consultancy",,Freshwater
"Plan
development",,Freshwater
Fish processing,,Freshwater
Services pvt,,Freshwater
Feed plant,,Freshwater
Agrochem pvt,,Freshwater
"Research
station",,Freshwater
Growth and,,Freshwater
"Material
transfer",,Freshwater
Technology based,,Freshwater
"Eesavyasa
technologies",,Freshwater
Product testing,,Freshwater
Transfer of,,Freshwater
Spot agglutination,,Freshwater
Under process,,Freshwater
Amarpur village,,Freshwater
Aquaculture in,,Freshwater
Supplementary feeding,,Freshwater
Number of,,Freshwater
Farm trail,,Freshwater
Front line,,Freshwater
Mandatory training,,Freshwater
Sponsored trainings,,Freshwater
Significant technologies,,Freshwater
Technology assessed,,Freshwater
Technology demonstrated,,Freshwater
Crop production,,Freshwater
Scented rice,,Freshwater
Upland rice,,Freshwater
Yam in,,Freshwater
Ginger var,,Freshwater
Hand operated,,Freshwater
Mixture licking,,Freshwater
Pro super,,Freshwater
Honey bee,,Freshwater
Seed source,,Freshwater
Post office,,Freshwater
For further,,Freshwater
Black gram,,Freshwater
Green gram,,Freshwater
Watermelon variety,,Freshwater
Benefic iaries,,Freshwater
"Demonstration
of",,Freshwater
Lead for,,Freshwater
Financial support,,Freshwater
"Cluster
demonstration",,Freshwater
Supply of,,Freshwater
Interface meet,,Freshwater
Agreed to,,Freshwater
Brainstorming session,,Freshwater
State level,,Freshwater
"Meeting
for",,Freshwater
Award from,,Freshwater
Fellow from,,Freshwater
Fellowship to,,Freshwater
Fellow of,,Freshwater
Scientist received,,Freshwater
Scheme of,,Freshwater
Awards for,,Freshwater
Consultant to,,Freshwater
Three years,,Freshwater
Bilateral research,,Freshwater
Biology and,,Freshwater
"Genotypic
technologies",,Freshwater
Bioinformatics in,,Freshwater
Plans and,,Freshwater
Benefits and,,Freshwater
Institute of,,Freshwater
Models in,,Freshwater
Hindi as,,Freshwater
Ministry of,,Freshwater
Diagnostics for,,Freshwater
Practices in,,Freshwater
Preparation of,,Freshwater
Workshop on,,Freshwater
Application of,,Freshwater
"Technologies
and",,Freshwater
Program for,,Freshwater
Programme on,,Freshwater
"Course
on",,Freshwater
Scientists from,,Freshwater
Government of,,Freshwater
"Management
and",,Freshwater
Technical staffs,,Freshwater
"Administrative
staffs",,Freshwater
Enhancing efficiency,,Freshwater
"Behera
i",,Freshwater
"Visit
to",,Freshwater
"Ojha
undicha",,Freshwater
Seminar on,,Freshwater
Meeting with,,Freshwater
Meeting on,,Freshwater
Congress on,,Freshwater
Complex for,,Freshwater
Session on,,Freshwater
Total length,,Freshwater
Average body,,Freshwater
Meeting convened,,Freshwater
Meeting of,,Freshwater
"Meeting
of",,Freshwater
Meeting between,,Freshwater
Rahara and,,Freshwater
Meet on,,Freshwater
All scientists,,Freshwater
Review meeting,,Freshwater
Meeting for,,Freshwater
Demonstration on,,Freshwater
"Chairman
of",,Freshwater
Writeshop on,,Freshwater
Univeristy of,,Freshwater
Meeting to,,Freshwater
Visit and,,Freshwater
Member in,,Freshwater
Use in,,Freshwater
Workshop of,,Freshwater
Conference on,,Freshwater
Research and,,Freshwater
Bihar at,,Freshwater
Doubling of,,Freshwater
Package of,,Freshwater
Financial and,,Freshwater
Department of,,Freshwater
Novem ber,,Freshwater
Resistance for,,Freshwater
Programme of,,Freshwater
Prophylaxis in,,Freshwater
Yearly review,,Freshwater
Consultation on,,Freshwater
"Joint
collaborative",,Freshwater
Scope of,,Freshwater
Meeting in,,Freshwater
Visit to,,Freshwater
Bidhan nagar,,Freshwater
Convocation of,,Freshwater
Vishnu educational,,Freshwater
Directors and,,Freshwater
Roadmap of,,Freshwater
Symposium on,,Freshwater
Centre for,,Freshwater
Meeting at,,Freshwater
Day of,,Freshwater
Technologies and,,Freshwater
"Consultancy
to",,Freshwater
Industry meet,,Freshwater
Priorities of,,Freshwater
Govt of,,Freshwater
College and,,Freshwater
Seminar and,,Freshwater
"Institute
of",,Freshwater
Day and,,Freshwater
Celebration and,,Freshwater
Conclave on,,Freshwater
Week organized,,Freshwater
Exhibition during,,Freshwater
Youth and,,Freshwater
Exhibition dring,,Freshwater
"Allocation
internal",,Freshwater
"Total
allocation",,Freshwater
"Retirement
benefits",,Freshwater
Post larvae,,Freshwater
Head of,,Freshwater
Finance and,,Freshwater
"Muduli
i",,Freshwater
"Amanta
i",,Freshwater
Staff transferred,,Freshwater
"Panda
i",,Freshwater
"Manjula
s",,Freshwater
"Jally
i",,Freshwater
Genetic upgradation,,Freshwater
Development of,,Freshwater
Single nucleotide,,Freshwater
Jayanti rohu,,Freshwater
Selective breeding,,Freshwater
Sustainable freshwater,,Freshwater
Refinement of,,Freshwater
Scaling up,,Freshwater
Brood stock,,Freshwater
Studies on,,Freshwater
Integrated disease,,Freshwater
Characterization of,,Freshwater
Bacterial bio,,Freshwater
Neuroendocrine regulation,,Freshwater
Diversification towards,,Freshwater
Standardization of,,Freshwater
Macrobrachium rosenbergii,,Freshwater
Litopeneus vannamei,,Freshwater
Carbon sequestration,,Freshwater
Evaluation of,,Freshwater
Nutritional intervention,,Freshwater
Study on,,Freshwater
Ontogeny of,,Freshwater
Amelioration of,,Freshwater
An alternative,,Freshwater
"Fund
for",,Freshwater
"Chattopadhy
ay",,Freshwater
Stock improvement,,Freshwater
Diversity and,,Freshwater
Whole genome,,Freshwater
National surveillance,,Freshwater
Carp seed,,Freshwater
Molecular and,,Freshwater
Network project,,Freshwater
Deciphering gene,,Freshwater
Science and,,Freshwater
Intellectual property,,Freshwater
Adaptation and,,Freshwater
Initiative on,,Freshwater
Consortia research,,Freshwater
National network,,Freshwater
Novel approaches,,Freshwater
India network,,Freshwater
Productivity and,,Freshwater
Cryopreservation of,,Freshwater
Upgradation and,,Freshwater
Promoting improved,,Freshwater
Activities on,,Freshwater
Activity on,,Freshwater
Outreach activity,,Freshwater
"Network
mode",,Freshwater
Isolation and,,Freshwater
"Science
and",,Freshwater
Factors affecting,,Freshwater
In vitro,,Freshwater
Sea water,,Freshwater
Captive breeding,,Freshwater
Initial stocking,,Freshwater
The fry,,Freshwater
Water use,,Freshwater
Institute farm,,Freshwater
Harvested body,,Freshwater
Fingerling survival,,Freshwater
Water requirement,,Freshwater
No aeration,,Freshwater
It was,,Freshwater
The study,,Freshwater
Tel river,,Freshwater
Pipili canal,,Freshwater
Mahanadi stretch,,Freshwater
Mahanadi stretches,,Freshwater
Raising of,,Freshwater
Advance fingerling,,Freshwater
External sources,,Freshwater
Externally funded,,Freshwater
Revenue generated,,Freshwater
Farm produce,,Freshwater
Sale of,,Freshwater
Licence fee,,Freshwater
Analytical testing,,Freshwater
Cost of,,Freshwater
Services render,,Freshwater
Interest on,,Freshwater
Improved catla,,Freshwater
Assembly details,,Freshwater
Largest contig,,Freshwater
Mean contig,,Freshwater
Towards enrichment,,Freshwater
Research work,,Freshwater
Molecular diagnosis,,Freshwater
"Indian
eel",,Freshwater
Genome walking,,Freshwater
Directorate of,,Freshwater
Different approaches,,Freshwater
"Pharmacophore
design",,Freshwater
Genetic diversity,,Freshwater
"Itacagagcgaagcttca
cagtaccc",,Freshwater
Mechanism of,,Freshwater
Different transcription,,Freshwater
Staff position,,Freshwater
In position,,Freshwater
Fatty acids,,Freshwater
Ingredient compositions,,Freshwater
Til oil,,Freshwater
Mahua oil,,Freshwater
Mustard oil,,Freshwater
Deoil rice,,Freshwater
Vegetable oil,,Freshwater
Crude fibre,,Freshwater
Total ash,,Freshwater
Ether extract,,Freshwater
Nitrogen free,,Freshwater
Spawn stage,,Freshwater
Feed intake,,Freshwater
Weight gain,,Freshwater
Rakhi kumari,,Freshwater
Fatty acid,,Freshwater
Nanoparticles used,,Freshwater
Streptococcus sp,,Freshwater
Nanoparticles synthesized,,Freshwater
Spot analysis,,Freshwater
Without top,,Freshwater
With top,,Freshwater
Metanophrys sinensis,,Freshwater
Parasite load,,Freshwater
"Uncountable
parasite",,Freshwater
"Vaccin
ated",,Freshwater
"Con
trol",,Freshwater
"Cont
rol",,Freshwater
Milt volume,,Freshwater
Soybean meal,,Freshwater
"Groundnut
oil",,Freshwater
"Mustard
oil",,Freshwater
"Sesame
oil",,Freshwater
"Mahua
oil",,Freshwater
Gross energy,,Freshwater
Final weight,,Freshwater
Intitial body,,Freshwater
Final body,,Freshwater
Survival rate,,Freshwater
Awards and,,Freshwater
Steroidal part,,Freshwater
Steroidal aglycone,,Freshwater
Aeromonas veronii,,Freshwater
Aeromonas hydrophila,,Freshwater
Serratia marcescens,,Freshwater
Pseudomonas aeroginosa,,Freshwater
Citrobacter fruendi,,Freshwater
Staphylococcus sp,,Freshwater
Enterobacter sp,,Freshwater
Total number,,Freshwater
Isoforms got,,Freshwater
Annotated isoforms,,Freshwater
Percentage of,,Freshwater
Mean orthogroup,,Freshwater
Median orthogroup,,Freshwater
Trading corporation,,Freshwater
Quality seed,,Freshwater
Ashirya aquaculture,,Freshwater
Aqua venture,,Freshwater
Pearl farming,,Freshwater
List of,,Freshwater
Schemes of,,Freshwater
Superannuations and,,Freshwater
Summary in,,Freshwater
Crude lipid,,Freshwater
Induced breeding,,Freshwater
International training,,Freshwater
National training,,Freshwater
Freshwater ornamental,,Freshwater
Developments in,,Freshwater
Aquaculture as,,Freshwater
Technology for,,Freshwater
Training of,,Freshwater
Recent advances,,Freshwater
Programme for,,Freshwater
Study tour,,Freshwater
Farmers and,,Freshwater
Trainees from,,Freshwater
"Rahara
and",,Freshwater
Nutrition and,,Freshwater
Staff member,,Freshwater
Award for,,Freshwater
Extension worker,,Freshwater
Ideal pond,,Freshwater
Farm made,,Freshwater
Production in,,Freshwater
Live telecast,,Freshwater
Discussion on,,Freshwater
Machhali palan,,Freshwater
Feed to,,Freshwater
Establishment of,,Freshwater
"Gauhati
university",,Freshwater
Twinning project,,Freshwater
Student training,,Freshwater
Purified recombinant,,Freshwater
Nandi et,,Freshwater
Enquires at,,Freshwater
Coordinated at,,Freshwater
Field visit,,Freshwater
Exposure visit,,Freshwater
Services rendered,,Freshwater
Recoveries of,,Freshwater
Assessment of,,Freshwater
Fruit drop,,Freshwater
Incorporation of,,Freshwater
Culture of,,Freshwater
Safe storage,,Freshwater
Sugarcane bud,,Freshwater
Management in,,Freshwater
Sweet con,,Freshwater
Management for,,Freshwater
Techniques in,,Freshwater
Kadaknath poultry,,Freshwater
Trace mineral,,Freshwater
Scientific carp,,Freshwater
Paddy straw,,Freshwater
Paddy stored,,Freshwater
Practicing farmers,,Freshwater
Extension functionaries,,Freshwater
Certificate of,,Freshwater
Society of,,Freshwater
Interaction with,,Freshwater
Training course,,Freshwater
Focal point,,Freshwater
Promotion and,,Freshwater
Creating impact,,Freshwater
Antimicrobial resistance,,Freshwater
Awareness and,,Freshwater
Specialization on,,Freshwater
Monitoring and,,Freshwater
Training programme,,Freshwater
Tool for,,Freshwater
Automation and,,Freshwater
Induction training,,Freshwater
Refresher training,,Freshwater
"Niranjan
lei",,Freshwater
Administration and,,Freshwater
"Kumar
ehera",,Freshwater
"Krushna
ena",,Freshwater
"Ch
hoi",,Freshwater
Selection committee,,Freshwater
Interaction meeting,,Freshwater
Committee on,,Freshwater
Signing of,,Freshwater
Advocacy meeting,,Freshwater
Site selection,,Freshwater
"Murshidabad
and",,Freshwater
Viva voice,,Freshwater
Inaugural function,,Freshwater
Fish farm,,Freshwater
"Committee
meeting",,Freshwater
Training and,,Freshwater
Cadre strength,,Freshwater
Launching workshop,,Freshwater
"Body
meeting",,Freshwater
Guest in,,Freshwater
Inauguration of,,Freshwater
Offseason breeding,,Freshwater
Seminar focusing,,Freshwater
Board of,,Freshwater
Session of,,Freshwater
"Fisheries
and",,Freshwater
Stake holder,,Freshwater
Team of,,Freshwater
Committee meeting,,Freshwater
Workshop for,,Freshwater
"Directorate
of",,Freshwater
Observation of,,Freshwater
Advisory meeting,,Freshwater
Make in,,Freshwater
Invitation for,,Freshwater
"Meet
on",,Freshwater
Aquaculture and,,Freshwater
Interactions meet,,Freshwater
Twenty third,,Freshwater
"Ministry
of",,Freshwater
New project,,Freshwater
Mela cum,,Freshwater
External expert,,Freshwater
Expert for,,Freshwater
Awareness programme,,Freshwater
Congress of,,Freshwater
"Farmers
interaction",,Freshwater
Conference of,,Freshwater
Acted as,,Freshwater
Fisheries and,,Freshwater
Centre of,,Freshwater
Scientific and,,Freshwater
Awareness cum,,Freshwater
Sequencing of,,Freshwater
Interactive workshop,,Freshwater
Research sub,,Freshwater
Innovations for,,Freshwater
Hindi workshop,,Freshwater
Interaction and,,Freshwater
Attended selection,,Freshwater
Consultation meet,,Freshwater
Panel on,,Freshwater
Brainstorming workshop,,Freshwater
Delivered a,,Freshwater
Mela and,,Freshwater
Annual meeting,,Freshwater
Project meeting,,Freshwater
Advisory committee,,Freshwater
First institutional,,Freshwater
Assessment committee,,Freshwater
"Fair
organized",,Freshwater
Mela of,,Freshwater
Day organized,,Freshwater
Open day,,Freshwater
Institution of,,Freshwater
Celebration of,,Freshwater
System for,,Freshwater
Mathsya mela,,Freshwater
Society for,,Freshwater
Retirement benefits,,Freshwater
Proteomic analysis,,Freshwater
Impact assessment,,Freshwater
Pilotting a,,Freshwater
Diversification in,,Freshwater
Development and,,Freshwater
Diseases of,,Freshwater
Plankton productivity,,Freshwater
Identification and,,Freshwater
Stock development,,Freshwater
Exploring ornamental,,Freshwater
Effect of,,Freshwater
Design and,,Freshwater
Protocol development,,Freshwater
Efficient use,,Freshwater
Growth performance,,Freshwater
Genetic improvement,,Freshwater
Engineering and,,Freshwater
"Surveillance
programme",,Freshwater
"Platform
on",,Freshwater
Extn upto,,Freshwater
"Sequencing
and",,Freshwater
Agriculture and,,Freshwater
Molecular screening,,Freshwater
Value addition,,Freshwater
Genetic enhancement,,Freshwater
Network program,,Freshwater
Program on,,Freshwater
Bioprocessing of,,Freshwater
Dissemination of,,Freshwater
Demonstration of,,Freshwater
Upscaling and,,Freshwater
Capacity building,,Freshwater
Regulatory roles,,Freshwater
"Program
for",,Freshwater
To elucidate,,Freshwater
Ecological assessment,,Freshwater
Deciphering genetic,,Freshwater
"Macrobrachium
rosenbergii",,Freshwater
"Business
and",,Freshwater
"Sponsoring
agency",,Freshwater
Developing and,,Freshwater
Consultancy service,,Freshwater
"Bank
assisted",,Freshwater
Impact of,,Freshwater
Virtual knowledge,,Freshwater
Participated on,,Freshwater
Webinar on,,Freshwater
Commission of,,Freshwater
Online meeting,,Freshwater
Tools in,,Freshwater
Virtual workshop,,Freshwater
Series on,,Freshwater
Chapter and,,Freshwater
Two days,,Freshwater
Lecture on,,Freshwater
All staff,,Freshwater
International workshop,,Freshwater
Anniversary of,,Freshwater
Webinar participation,,Freshwater
"Staff
members",,Freshwater
Virtual summit,,Freshwater
Minister of,,Freshwater
India water,,Freshwater
Organized by,,Freshwater
Zoom meeting,,Freshwater
Webinar series,,Freshwater
Transformation of,,Freshwater
Pacific region,,Freshwater
Virtual meeting,,Freshwater
Better with,,Freshwater
Communication and,,Freshwater
Assessment and,,Freshwater
Dept of,,Freshwater
Summit of,,Freshwater
Release of,,Freshwater
Scheme under,,Freshwater
"Setu
for",,Freshwater
Mission for,,Freshwater
India and,,Freshwater
Sanitation and,,Freshwater
Delivered lecture,,Freshwater
Discussion with,,Freshwater
Monthly meeting,,Freshwater
Fish on,,Freshwater
Action to,,Freshwater
Conference and,,Freshwater
Virtual rally,,Freshwater
Division of,,Freshwater
Research costing,,Freshwater
Virtual mode,,Freshwater
Days virtual,,Freshwater
Fish for,,Freshwater
Zoom webinar,,Freshwater
Webinar cum,,Freshwater
Scenario of,,Freshwater
"Scientists
and",,Freshwater
Webinar meeting,,Freshwater
Concept to,,Freshwater
All scientist,,Freshwater
Money to,,Freshwater
Launching programme,,Freshwater
Differentially expressed,,Freshwater
Implication of,,Freshwater
Indian major,,Freshwater
Enhancing larval,,Freshwater
Inducing sterility,,Freshwater
Identification of,,Freshwater
Utilisation of,,Freshwater
Exploring potential,,Freshwater
New extension,,Freshwater
Strengthening fisheries,,Freshwater
"Aeromonas
disease",,Freshwater
Estimation of,,Freshwater
Investigation of,,Freshwater
Encapsulated adherent,,Freshwater
"Scheme
of",,Freshwater
Enhancing gonadal,,Freshwater
Ultra deep,,Freshwater
Fluorescent microscope,,Freshwater
System with,,Freshwater
Shaker incubator,,Freshwater
Scigenics biotech,,Freshwater
Compound microscope,,Freshwater
Ice flake,,Freshwater
Brema ice,,Freshwater
Analytical technologies,,Freshwater
Water purification,,Freshwater
Lab equipments,,Freshwater
Electrophoresis unit,,Freshwater
Automatic cell,,Freshwater
Nabi microdigital,,Freshwater
Airbreathing fishes,,Freshwater
Mustus vittatus,,Freshwater
Larvae having,,Freshwater
Shaped larvae,,Freshwater
Both valve,,Freshwater
Average size,,Freshwater
Final yield,,Freshwater
Final survival,,Freshwater
Feed given,,Freshwater
Carbon source,,Freshwater
Other operational,,Freshwater
Selling price,,Freshwater
Gross sale,,Freshwater
Length of,,Freshwater
Height of,,Freshwater
"Reads
mapped",,Freshwater
"Alanine
aminotransferase",,Freshwater
"Glutamate
ionotropic",,Freshwater
"Aspartate
dehydrogenase",,Freshwater
"Argininosuccinate
lyase",,Freshwater
"Glutamate
dehydrogenase",,Freshwater
Post spawning,,Freshwater
Savings of,,Freshwater
Access to,,Freshwater
Ability to,,Freshwater
Attitude towards,,Freshwater
Control over,,Freshwater
Knowledge on,,Freshwater
Pond area,,Freshwater
Mean fish,,Freshwater
Adoption level,,Freshwater
Yield gap,,Freshwater
Smart farming,,Freshwater
Techno commercial,,Freshwater
Transfer and,,Freshwater
Library and,,Freshwater
Promotion of,,Freshwater
Entrepreneurs and,,Freshwater
Video conference,,Freshwater
Exhibition on,,Freshwater
Pelleted feed,,Freshwater
Maize dust,,Freshwater
"Condition
factor",,Freshwater
"Methods
for",,Freshwater
Freshwater pearl,,Freshwater
Feed and,,Freshwater
Officers from,,Freshwater
"Association
of",,Freshwater
Edition of,,Freshwater
"Exhibition
and",,Freshwater
Virtual training,,Freshwater
"Virtual
platform",,Freshwater
Bhubaneswar and,,Freshwater
Commercialization of,,Freshwater
"Mutual
agreement",,Freshwater
Banjari road,,Freshwater
"Nanoplus
for",,Freshwater
Discuss and,,Freshwater
Technical staff,,Freshwater
Post matriculation,,Freshwater
Telecaste in,,Freshwater
Tak on,,Freshwater
Acidic in,,Freshwater
Low to,,Freshwater
Total alkalinity,,Freshwater
Chakradharpur and,,Freshwater
Panchayat office,,Freshwater
Gangadharpur and,,Freshwater
Baburabad and,,Freshwater
"Gaighata
block",,Freshwater
"Horticultural
saplings",,Freshwater
"Deuli
and",,Freshwater
Sunflower during,,Freshwater
Low fish,,Freshwater
Skill training,,Freshwater
Council of,,Freshwater
Name of,,Freshwater
Online training,,Freshwater
Sample preparation,,Freshwater
Accreditation of,,Freshwater
"Delhi
in",,Freshwater
Analytics in,,Freshwater
Education in,,Freshwater
Real time,,Freshwater
"Climate
challenge",,Freshwater
Center for,,Freshwater
Designing of,,Freshwater
Genetic data,,Freshwater
Convening of,,Freshwater
Participated in,,Freshwater
District level,,Freshwater
Convention of,,Freshwater
Health and,,Freshwater
"Conference
on",,Freshwater
Scientists interface,,Freshwater
Member of,,Freshwater
Conference through,,Freshwater
Webinar lecture,,Freshwater
"Samanta
participated",,Freshwater
Fish project,,Freshwater
Conference with,,Freshwater
Meeting regarding,,Freshwater
Partnership meeting,,Freshwater
Directors of,,Freshwater
Director of,,Freshwater
Web seminar,,Freshwater
Development through,,Freshwater
"Meet
through",,Freshwater
Advancement in,,Freshwater
Pandemics and,,Freshwater
Virtual platform,,Freshwater
Spectrum and,,Freshwater
"Meeting
through",,Freshwater
India for,,Freshwater
Veterinary and,,Freshwater
Online workshop,,Freshwater
Panellist in,,Freshwater
Sciences for,,Freshwater
Conference cum,,Freshwater
Contributions of,,Freshwater
"Meeting
on",,Freshwater
Webex platform,,Freshwater
"Inaugural
lecture",,Freshwater
"Better
with",,Freshwater
Workshop to,,Freshwater
School of,,Freshwater
Kolkata of,,Freshwater
Virtual consultation,,Freshwater
Scientists and,,Freshwater
National webinar,,Freshwater
Parasitic disease,,Freshwater
Perspectives of,,Freshwater
Ceremony of,,Freshwater
Journal of,,Freshwater
Google platform,,Freshwater
Scheme meeting,,Freshwater
Aug to,,Freshwater
Orientation to,,Freshwater
"Centre
for",,Freshwater
Agriculture in,,Freshwater
Launch of,,Freshwater
Introductory meeting,,Freshwater
Approach for,,Freshwater
Virtual event,,Freshwater
Hypselobarbus pulchellus,,Freshwater
Aste raonmd,,Freshwater
Coordinator for,,Freshwater
Omics approaches,,Freshwater
Indian aquaculture,,Freshwater
Network programme,,Freshwater
Culture in,,Freshwater
"Dawkinsia
assimilis",,Freshwater
Phenotypic male,,Freshwater
Phenotypic female,,Freshwater
Berried prawns,,Freshwater
Artemia hatching,,Freshwater
Brackish water,,Freshwater
Seawater holding,,Freshwater
Initial length,,Freshwater
Final length,,Freshwater
Binding interaction,,Freshwater
"Growth
parameters",,Freshwater
Specific growth,,Freshwater
Feed conversion,,Freshwater
"Protein
efficiency",,Freshwater
Length gain,,Freshwater
Geraconvde r,,Freshwater
Increment in,,Freshwater
Dry matter,,Freshwater
Total fixed,,Freshwater
Total variable,,Freshwater
Total production,,Freshwater
Total revenue,,Freshwater
Rate of,,Freshwater
Carp hatchery,,Freshwater
Fish based,,Freshwater
Introduction of,,Freshwater
Nutri garden,,Freshwater
Disease management,,Freshwater
Enhancement in,,Freshwater
Feeds and,,Freshwater
Culture and,,Freshwater
High value,,Freshwater
Ps for,,Freshwater
"Management
kolus",,Freshwater
Seed production,,Freshwater
Culture for,,Freshwater
Program and,,Freshwater
Polyculture of,,Freshwater
Murrel and,,Freshwater
Soil and,,Freshwater
Fish species,,Freshwater
October to,,Freshwater
November to,,Freshwater
"Headquarters
and",,Freshwater
Fish disease,,Freshwater
Confederation of,,Freshwater
Stocking density,,Freshwater
Size at,,Freshwater
Yield per,,Freshwater
Sale price,,Freshwater
Input cost,,Freshwater
Stocking densi,,Freshwater
Title of,,Freshwater
Gajapati dist,,Freshwater
Distribution of,,Freshwater
Farmers scientist,,Freshwater
"Fisheries
polytechnic",,Freshwater
Farmers meet,,Freshwater
Aquaculture for,,Freshwater
Teocthanl ician,,Freshwater
Magur larval,,Freshwater
For facilitating,,Freshwater
Academic and,,Freshwater
Bhubaneswar through,,Freshwater
Providing technical,,Freshwater
Foundation seed,,Freshwater
"Trade
mark",,Freshwater
Genetics and,,Freshwater
Scientist and,,Freshwater
Live program,,Freshwater
Delhi on,,Freshwater
Odisha on,,Freshwater
On farm,,Freshwater
Packing and,,Freshwater
Mahila mandal,,Freshwater
Gumma block,,Freshwater
Society in,,Freshwater
Grow out,,Freshwater
"Kendrapara
f",,Freshwater
Assessing the,,Freshwater
Coconut cultivation,,Freshwater
Improved package,,Freshwater
Teasle gourd,,Freshwater
Friends of,,Freshwater
Thesis entitled,,Freshwater
Thesis en,,Freshwater
"Khorda
district",,Freshwater
Puri district,,Freshwater
Tridax procumbens,,Freshwater
During the,,Freshwater
Choalen onfa,,Freshwater
Animal and,,Freshwater
Goimbepliaorna tciavtel,,Freshwater
Registration no,,Freshwater
Data analysis,,Freshwater
Applications in,,Freshwater
Administrative staff,,Freshwater
All the,,Freshwater
Labour at,,Freshwater
Units at,,Freshwater
Project organized,,Freshwater
"Challenges
and",,Freshwater
Interaction meet,,Freshwater
Project evaluation,,Freshwater
Third meeting,,Freshwater
Projects in,,Freshwater
"Bengal
and",,Freshwater
Chamber of,,Freshwater
Lecture delivered,,Freshwater
Network for,,Freshwater
"Department
of",,Freshwater
Value to,,Freshwater
Bhubaneswar under,,Freshwater
Water day,,Freshwater
Webinar under,,Freshwater
Avenue for,,Freshwater
Life delivered,,Freshwater
Embassy of,,Freshwater
Construction of,,Freshwater
Application to,,Freshwater
Transforming food,,Freshwater
"Collaborative
hub",,Freshwater
Environmentalist under,,Freshwater
Dedication of,,Freshwater
Chairmanship of,,Freshwater
Virtual programme,,Freshwater
"Fisheries
st",,Freshwater
Consultation meeting,,Freshwater
All scientific,,Freshwater
Fertilizers in,,Freshwater
Online lecture,,Freshwater
Expert participation,,Freshwater
Principles to,,Freshwater
Prospects of,,Freshwater
"Veterinary
and",,Freshwater
Guest of,,Freshwater
Towards new,,Freshwater
Brainstorming meeting,,Freshwater
Director and,,Freshwater
Invited lecture,,Freshwater
Sahoo and,,Freshwater
International symposium,,Freshwater
Organic fish,,Freshwater
Orisha and,,Freshwater
The coastal,,Freshwater
To extend,,Freshwater
Awareness program,,Freshwater
Invited as,,Freshwater
Course on,,Freshwater
Monitoring of,,Freshwater
Organisms and,,Freshwater
Series of,,Freshwater
Challenges in,,Freshwater
Virtually in,,Freshwater
World fish,,Freshwater
Presented an,,Freshwater
Bharat ki,,Freshwater
Campaign on,,Freshwater
Transformation inception,,Freshwater
Delivered an,,Freshwater
Delivered talk,,Freshwater
Chambers of,,Freshwater
Preparatory meeting,,Freshwater
Guest lecture,,Freshwater
Security in,,Freshwater
Stone laying,,Freshwater
Review and,,Freshwater
Institutes organized,,Freshwater
Participated as,,Freshwater
"Institute
for",,Freshwater
Day workshop,,Freshwater
Reporting in,,Freshwater
Workshop and,,Freshwater
"Vijayawada
at",,Freshwater
Scientists of,,Freshwater
Introspection to,,Freshwater
Scientist of,,Freshwater
Second meeting,,Freshwater
Ningbosjialab equipments,,Freshwater
Expert member,,Freshwater
Kerala state,,Freshwater
Week event,,Freshwater
Office for,,Freshwater
Emerging diseases,,Freshwater
Mitigation of,,Freshwater
Associated with,,Freshwater
Region as,,Freshwater
"Scientists
of",,Freshwater
Discussed with,,Freshwater
Bhubaneswar as,,Freshwater
"Collaboration
with",,Freshwater
Valedictory function,,Freshwater
Assam on,,Freshwater
Attend one,,Freshwater
Ssttrainadtaa rdization,,Freshwater
Ashis saha,,Freshwater
Optimization of,,Freshwater
Ecological engineering,,Freshwater
Production performance,,Freshwater
Level and,,Freshwater
"Engineering
in",,Freshwater
Centre at,,Freshwater
Genetic enhance,,Freshwater
"Program
on",,Freshwater
"Recommended
practice",,Freshwater
